{"cameraMode":{"drawMode":0,"name":"Shaded","section":"Shading Mode"},"sceneLighting":true,"audioPlay":false,"sceneViewState":{"m_AlwaysRefresh":false,"showFog":true,"showSkybox":true,"showFlares":true,"showImageEffects":true,"showParticleSystems":true,"showVisualEffectGraphs":true,"m_FxEnabled":true},"in2DMode":false,"pivot":{"x":-23.651226043701173,"y":3.8022308349609377,"z":10.6624174118042},"rotation":{"x":0.09387770295143128,"y":-0.5477280020713806,"z":0.062195755541324618,"w":0.8294587135314941},"size":13.719797134399414,"orthographic":false}