{"cameraMode":{"drawMode":0,"name":"Shaded","section":"Shading Mode"},"sceneLighting":true,"audioPlay":false,"sceneViewState":{"m_AlwaysRefresh":false,"showFog":true,"showSkybox":true,"showFlares":true,"showImageEffects":true,"showParticleSystems":true,"showVisualEffectGraphs":true,"m_FxEnabled":true},"in2DMode":false,"pivot":{"x":-31.732751846313478,"y":1.1107850074768067,"z":-10.591711044311524},"rotation":{"x":0.013650699518620968,"y":0.7397308945655823,"z":0.015561790205538273,"w":-0.6732165813446045},"size":16.228988647460939,"orthographic":false}