{"cameraMode":{"drawMode":0,"name":"Shaded","section":"Shading Mode"},"sceneLighting":true,"audioPlay":false,"sceneViewState":{"m_AlwaysRefresh":false,"showFog":true,"showSkybox":true,"showFlares":true,"showImageEffects":true,"showParticleSystems":true,"showVisualEffectGraphs":true,"m_FxEnabled":true},"in2DMode":false,"pivot":{"x":-4.179497241973877,"y":0.47495341300964358,"z":28.115571975708009},"rotation":{"x":0.013157797046005726,"y":0.07746605575084686,"z":0.0009566553635522723,"w":-0.9972467422485352},"size":13.719797134399414,"orthographic":false}